lat,lng,comment
42.11104082,-75.94513874
42.11104099,-75.94513876
42.1110411,-75.94513792
42.11104072,-75.94513823
42.1110399,-75.9451373
42.11103956,-75.94513752
42.1110394,-75.94513727
42.11103924,-75.94513666
42.1110386,-75.94513803
42.11103873,-75.94513755
42.11103827,-75.94513768
42.11103821,-75.9451383
42.11103807,-75.94513912
42.11103695,-75.94513978
42.11103631,-75.94514057
42.11103616,-75.9451422
42.11103541,-75.94514351
42.11103552,-75.94514487
42.11103523,-75.9451461
42.11103457,-75.94514602
42.11103427,-75.94514652
42.1110347,-75.94514706
42.11103332,-75.94514793
42.11103304,-75.94514869
42.1110327,-75.9451489
42.11103365,-75.94514982
42.11103361,-75.94515062
42.11103253,-75.94515137
42.1110308,-75.94515151
42.11103279,-75.94515016
42.11106546,-75.94512803
42.11109138,-75.94510541
42.1111084,-75.94507642
42.11111877,-75.9450446
42.11111444,-75.94500665
42.1111041,-75.94496768
42.11108168,-75.94491986
42.11105649,-75.94485775
42.11102251,-75.94478207
42.1109849,-75.94469783
42.11094493,-75.94459916
42.11089513,-75.94449036
42.11084686,-75.94437903
42.11079554,-75.94425595
42.11074077,-75.94413295
42.11068532,-75.94400958
42.11062302,-75.94387511
42.11056414,-75.94374584
42.11050293,-75.94361459
42.11043895,-75.94347735
42.11037477,-75.94333884
42.11030974,-75.94320282
42.1102461,-75.9430748
42.11017744,-75.94294539
42.11010816,-75.94281425
42.10997105,-75.94256237
42.10990502,-75.94244257
42.1098378,-75.9423209
42.10977045,-75.94220337
42.10971107,-75.94210031
42.1096539,-75.94200483
42.10960356,-75.94191825
42.10956397,-75.94184491
42.10953163,-75.94178842
42.1095106,-75.94174877
42.10949999,-75.94172897
42.10949587,-75.9417214
42.10949546,-75.94171935
42.10949386,-75.94171794
42.10949387,-75.94171681
42.1094951,-75.94171615
42.10949441,-75.94171468
42.10949456,-75.94171464
42.10949366,-75.94171267
42.10949182,-75.94171094
42.10949107,-75.94171027
42.10949101,-75.94170954
42.10949015,-75.94170754
42.10948401,-75.94169639
42.10947029,-75.9416712
42.1094222,-75.94157617
42.10938255,-75.9415031
42.10934167,-75.94142129
42.10929448,-75.94132726
42.10923861,-75.9412212
42.10917751,-75.94110607
42.10911149,-75.94098244
42.1090437,-75.94085837
42.10897631,-75.94073497
42.10890437,-75.94060532
42.10883687,-75.94048241
42.10877303,-75.94036421
42.10870678,-75.94024327
42.1086396,-75.94012419
42.1085723,-75.94000234
42.10850745,-75.93988153
42.10844128,-75.93975746
42.1083722,-75.93963011
42.10830288,-75.93950244
42.10823279,-75.93936884
42.1081588,-75.93923569
42.10808881,-75.93910544
42.10801739,-75.93897517
42.10794636,-75.93884684
42.10787545,-75.93871602
42.10773121,-75.9384495
42.10766692,-75.93833051
42.10760839,-75.93821575
42.10755697,-75.93811776
42.10750874,-75.93803157
42.10746703,-75.93795729
42.10742758,-75.93788894
42.1073887,-75.93782532
42.10735706,-75.93777508
42.10733665,-75.93773531
42.10731445,-75.93769685
42.10729379,-75.93766101
42.10727205,-75.93762344
42.10725174,-75.93758849
42.10722365,-75.93754338
42.10719138,-75.93748857
42.10715509,-75.93742644
42.10712197,-75.93736347
42.10708138,-75.93729147
42.10704396,-75.93722743
42.10701298,-75.93717634
42.10698554,-75.93713151
42.10696267,-75.93709397
42.10694807,-75.9370687
42.10694007,-75.93705198
42.10693762,-75.93704712
42.10693616,-75.9370462
42.10693758,-75.937048
42.10693781,-75.93704834
42.10693826,-75.93704857
42.10693803,-75.93704828
42.10693845,-75.93704837
42.10693799,-75.93704851
42.10693824,-75.93704845
42.10693773,-75.93704852
42.10693787,-75.93704964
42.10693839,-75.93704974
42.10693922,-75.93705125
42.10693784,-75.93704994
42.10693659,-75.9370501
42.10693622,-75.93704893
42.10693056,-75.9370372
42.10691776,-75.93701054
42.10689546,-75.93696315
42.10686649,-75.93690048
42.10683465,-75.93682608
42.10679155,-75.93673608
42.10673813,-75.93663918
42.10668164,-75.93653327
42.10661623,-75.93641142
42.10654979,-75.93628846
42.10648303,-75.93616355
42.10634169,-75.93589896
42.10626554,-75.93576127
42.10619267,-75.93562769
42.10611888,-75.93549503
42.10604564,-75.93536048
42.10597701,-75.93523379
42.10591206,-75.93511418
42.10585294,-75.93500506
42.10579753,-75.93490574
42.10574233,-75.93481482
42.10569803,-75.93474398
42.10566213,-75.9346936
42.10563657,-75.93466086
42.105622,-75.9346408
42.10561361,-75.93462903
42.10560737,-75.93461907
42.10560364,-75.93461222
42.10560208,-75.93460972
42.10560076,-75.93460727
42.10559787,-75.93460241
42.10559407,-75.9345945
42.10558156,-75.93457854
42.10556269,-75.93454858
42.10553711,-75.93450865
42.10550917,-75.93445675
42.10548269,-75.93441093
42.1054523,-75.93435477
42.1054467,-75.93434868
42.10544426,-75.93434709
42.10544464,-75.93434659
42.10544409,-75.93434547
42.10544433,-75.93434722
42.10544506,-75.93434749
42.10544497,-75.93434764
42.10544444,-75.93434713
42.10544479,-75.93434676
42.10544337,-75.93434721
42.10544325,-75.93434911
42.10544133,-75.93434867
42.10544126,-75.93435048
42.10544184,-75.93435335
42.10544159,-75.93435463
42.10544169,-75.9343523
42.10544378,-75.93435396
42.10544288,-75.93435341
42.10544079,-75.93435307
42.10544017,-75.93435054
42.10543575,-75.93433946
42.10542178,-75.9343153
42.10540309,-75.93427996
42.1053754,-75.93422101
42.10529986,-75.93406886
42.1052567,-75.93397708
42.10520237,-75.93387531
42.10514372,-75.93376775
42.10508327,-75.93365711
42.10502939,-75.9335541
42.10496692,-75.93344067
42.10490228,-75.93332697
42.10484367,-75.93321884
42.10478809,-75.93311583
42.10474439,-75.93302955
42.10469936,-75.93294931
42.10466379,-75.93288391
42.10463717,-75.93283475
42.10461103,-75.93278865
42.10459349,-75.93275471
42.1045758,-75.93272345
42.10456202,-75.93269828
42.10455315,-75.9326819
42.10454804,-75.93267014
42.10453719,-75.93265193
42.10452825,-75.93263554
42.10451707,-75.93261811
42.10450636,-75.93259921
42.10449889,-75.93258514
42.10449377,-75.93257393
42.10449101,-75.93256897
42.10448783,-75.93256472
42.10448746,-75.93256475
42.10448681,-75.93256182
42.10448679,-75.93256134
42.1044818,-75.93255077
42.10447119,-75.9325307
42.10445627,-75.93250167
42.10443479,-75.93246281
42.10440798,-75.932415
42.10438129,-75.93236498
42.10434891,-75.93230784
42.1043126,-75.9322458
42.1042785,-75.9321819
42.10423653,-75.93210866
42.10419286,-75.93203287
42.1041472,-75.93195388
42.10409978,-75.9318718
42.1040528,-75.93178953
42.10400375,-75.93170298
42.10395079,-75.93161008
42.10389967,-75.93151702
42.10385306,-75.93143274
42.1038045,-75.93135021
42.10372755,-75.93120999
42.10368936,-75.93113973
42.10364481,-75.93106079
42.10359556,-75.93097258
42.10354624,-75.93088393
42.1034975,-75.93079436
42.10344351,-75.93070127
42.1033917,-75.93061147
42.10333998,-75.93052199
42.1032981,-75.93044644
42.10326339,-75.93038485
42.10323287,-75.93033097
42.10321083,-75.93029306
42.10319823,-75.93027339
42.10319372,-75.93026548
42.10319481,-75.93026409
42.10319457,-75.93026388
42.10319521,-75.9302641
42.10319516,-75.9302647
42.10319644,-75.93026552
42.10319703,-75.93026572
42.10319716,-75.93026598
42.10319863,-75.93026651
42.10319973,-75.93026763
42.10320121,-75.93026853
42.10320075,-75.93026917
42.10320031,-75.93026753
42.10319432,-75.93025647
42.10318384,-75.93023453
42.10316904,-75.93020245
42.10314646,-75.93016163
42.10312083,-75.93010562
42.10308801,-75.93004079
42.10304757,-75.92996681
42.1029944,-75.92987554
42.10293766,-75.92977662
42.10287902,-75.92967196
42.10282,-75.92955581
42.10275507,-75.92944121
42.10269106,-75.92932433
42.10262379,-75.92920418
42.10256159,-75.92908799
42.10249753,-75.92897389
42.10243933,-75.92887747
42.10238763,-75.9287974
42.10234429,-75.92872937
42.10231004,-75.92867562
42.10228612,-75.92863331
42.10227282,-75.92860668
42.10226614,-75.92859643
42.10226588,-75.92859746
42.10226765,-75.92859494
42.10226761,-75.92859458
42.10226805,-75.92859427
42.10226757,-75.92859353
42.10226796,-75.92859277
42.10226993,-75.9285934
42.1022712,-75.92859374
42.10227205,-75.92859386
42.10227027,-75.92859093
42.10226998,-75.92859162
42.10226937,-75.92859248
42.10226915,-75.92859138
42.10226848,-75.92859325
42.10226879,-75.92859158
42.1022638,-75.92858161
42.10224991,-75.92855439
42.10222512,-75.92850781
42.10219758,-75.92844686
42.10215934,-75.92837526
42.1021132,-75.92828868
42.1020604,-75.92819149
42.10200738,-75.92809197
42.10194901,-75.92798488
42.10189449,-75.9278802
42.10183832,-75.92777594
42.10170811,-75.92755894
42.10164303,-75.9274455
42.10157781,-75.92733841
42.10151424,-75.92722946
42.1014498,-75.92711479
42.10138369,-75.92700759
42.10132352,-75.92689954
42.10125876,-75.926787
42.10119597,-75.9266686
42.10112605,-75.9265537
42.1010623,-75.92643368
42.10100236,-75.92631041
42.10093263,-75.92618123
42.10087176,-75.92606067
42.10080667,-75.9259344
42.10074376,-75.9258138
42.10068134,-75.92568875
42.10062598,-75.92556365
42.10057531,-75.92544582
42.10053424,-75.92533657
42.10049113,-75.92522897
42.10046135,-75.92513857
42.10043694,-75.92506234
42.10041627,-75.92500296
42.10040263,-75.92496248
42.10039453,-75.92493242
42.10039497,-75.92493749
42.10039555,-75.92493765
42.10039611,-75.92493785
42.10039657,-75.92493771
42.10039494,-75.92493873
42.10039453,-75.92493919
42.10039312,-75.92493859
42.10039226,-75.92493805
42.10039168,-75.92493851
42.10039165,-75.92493829
42.10038969,-75.92492905
42.10038245,-75.92490208
42.10036952,-75.92485459
42.10035423,-75.92479069
42.1003314,-75.92469986
42.10030737,-75.92460204
42.10027869,-75.92449284
42.1002458,-75.92436733
42.10020904,-75.92423899
42.10017076,-75.92409927
42.10012931,-75.9239644
42.10008806,-75.92382567
42.10004313,-75.92367952
42.09999999,-75.92353806
42.09991258,-75.92324389
42.09986904,-75.92309387
42.09983504,-75.92295185
42.09979994,-75.92280836
42.09976496,-75.92266955
42.09972931,-75.92252166
42.09969629,-75.92238314
42.09966378,-75.92224895
42.09963121,-75.92210645
42.09960401,-75.92197848
42.09957908,-75.92185892
42.09955474,-75.92175126
42.09953344,-75.92166112
42.09951769,-75.92158585
42.099502,-75.92152909
42.0994926,-75.92148827
42.09948712,-75.92146555
42.09948907,-75.92146351
42.09948987,-75.92146156
42.09949111,-75.92146149
42.09949232,-75.92146176
42.09949149,-75.92146132
42.09949092,-75.92146076
42.09949076,-75.92146195
42.09949078,-75.92146116
42.0994908,-75.921461
42.09949151,-75.9214618
42.09949216,-75.92146309
42.09949371,-75.92146379
42.09949309,-75.92146209
42.09949019,-75.92145437
42.09948713,-75.92143931
42.09948269,-75.92142074
42.09948058,-75.92140198
42.09947908,-75.92138863
42.09947538,-75.92137836
42.09947471,-75.92137239
42.09947528,-75.92136817
42.0994765,-75.92136759
42.09947571,-75.92136626
42.0994758,-75.92136528
42.09947537,-75.92136435
42.09947518,-75.92136443
42.09947456,-75.9213622
42.09947245,-75.9213472
42.09946715,-75.92131202
42.09945859,-75.92125825
42.09944791,-75.92118366
42.09943425,-75.92109569
42.09941838,-75.92099804
42.09938457,-75.92079972
42.09936505,-75.92069836
42.09934785,-75.92060309
42.09932874,-75.92051273
42.09931258,-75.92042821
42.09929946,-75.92035822
42.09928776,-75.92030308
42.09928141,-75.92026066
42.09927614,-75.9202272
42.09927168,-75.92020668
42.09926929,-75.92019364
42.09926772,-75.92018325
42.09926298,-75.92015947
42.09925391,-75.92011773
42.09924455,-75.92006694
42.09923613,-75.92001285
42.09922563,-75.91995502
42.09921362,-75.91988818
42.09919908,-75.91981734
42.09918534,-75.91973849
42.09916803,-75.91965012
42.09914998,-75.91955595
42.09913135,-75.91945364
42.09910953,-75.919347
42.09908944,-75.9192402
42.09906489,-75.91912364
42.09901831,-75.91889009
42.09899471,-75.91877407
42.09897285,-75.91866883
42.09895345,-75.91857799
42.09893407,-75.91849788
42.09891888,-75.91843082
42.09890721,-75.91837729
42.09889643,-75.91833576
42.09888872,-75.91830672
42.0988848,-75.91829782
42.09888404,-75.91829346
42.09888293,-75.91829443
42.09888191,-75.91829343
42.09888141,-75.91829252
42.09888071,-75.91829221
42.09888039,-75.91829447
42.09887986,-75.91829501
42.09888049,-75.91829543
42.09887976,-75.91829478
42.09887999,-75.91829583
42.09887941,-75.91829648
42.09888033,-75.91829767
42.09888055,-75.91829864
42.09887942,-75.91829509
42.09887447,-75.91828073
42.09886041,-75.9182145
42.09885328,-75.91817076
42.09884387,-75.9181303
42.09884124,-75.91809787
42.09883663,-75.91807434
42.09883372,-75.91805563
42.09883069,-75.91803623
42.09882625,-75.91800365
42.09881976,-75.91795963
42.09881042,-75.91790809
42.09879772,-75.91784993
42.09878657,-75.91779014
42.09877521,-75.9177323
42.09876429,-75.9176713
42.09875179,-75.9176037
42.09874585,-75.91752244
42.0987364,-75.91743635
42.09873018,-75.91734168
42.09872458,-75.91723924
42.09871816,-75.91713268
42.09871574,-75.91701676
42.09871267,-75.91690167
42.09871296,-75.91678671
42.09871204,-75.91666707
42.09871103,-75.91655442
42.09870853,-75.91632815
42.09870611,-75.91621622
42.09870541,-75.9161014
42.09870618,-75.91599037
42.09870528,-75.91587983
42.09870411,-75.91577022
42.09870199,-75.91566604
42.09870043,-75.91556516
42.09869492,-75.91546196
42.09868527,-75.91536168
42.09867285,-75.91526143
42.09866338,-75.91516052
42.09865748,-75.91506968
42.09865417,-75.91497879
42.09865164,-75.9149051
42.09865139,-75.91484377
42.0986473,-75.91478811
42.09863531,-75.91474014
42.09861556,-75.91471012
42.09859387,-75.91469435
42.098565,-75.91468923
42.09853122,-75.9146909
42.09848644,-75.91469753
42.09842883,-75.91470914
42.09827826,-75.91475657
42.09819414,-75.91478429
42.09810967,-75.91480716
42.09802441,-75.91482852
42.09793937,-75.91484166
42.09785621,-75.91484372
42.09777361,-75.91483254
42.09769319,-75.91480629
42.09762459,-75.91477213
42.09755694,-75.9147192
42.09749516,-75.91465867
42.0974384,-75.91458585
42.09739039,-75.91450903
42.09735276,-75.91442941
42.09731959,-75.91434498
42.09729587,-75.91426061
42.09727671,-75.91418764
42.09726362,-75.91412317
42.09725656,-75.91407607
42.09724766,-75.91403498
42.09724296,-75.91400822
42.09724079,-75.9139961
42.09724176,-75.91399404
42.09724235,-75.9139926
42.09724357,-75.91399117
42.09724721,-75.913989
42.09724751,-75.9139901
42.09724711,-75.9139885
42.09724775,-75.91398851
42.09724847,-75.91398749
42.09725021,-75.9139859
42.09725081,-75.91398475
42.09725089,-75.91398397
42.09725127,-75.91398303
42.0972492,-75.91398165
42.09724933,-75.9139818
42.09724927,-75.91398176
42.09724953,-75.91398272
42.09724966,-75.91398158
42.09724932,-75.91398145
42.09724956,-75.91398223
42.09725031,-75.91398248
42.09724993,-75.91398307
42.09724976,-75.9139834
42.09724871,-75.91398379
42.0972481,-75.91397913
42.0972439,-75.91396789
42.09723991,-75.91394689
42.09723492,-75.91391781
42.09722544,-75.91388375
42.09718719,-75.91383273
42.09716458,-75.91382506
42.09713866,-75.91382123
42.09709972,-75.91382191
42.09704586,-75.91382974
42.09699279,-75.91384707
42.09691686,-75.9138673
42.09683473,-75.91388414
42.09674756,-75.91390405
42.09666105,-75.91392854
42.09657009,-75.91395205
42.09648081,-75.91397304
42.0963885,-75.91399805
42.09629716,-75.9140248
42.09621562,-75.91404826
42.09615006,-75.91406987
42.09609136,-75.91409207
42.09603171,-75.91411094
42.09596988,-75.91412871
42.09591221,-75.91414997
42.0958546,-75.91416745
42.09579872,-75.91418352
42.09574866,-75.91419723
42.0957106,-75.91420998
42.09567798,-75.91421866
42.09564751,-75.9142182
42.09564712,-75.91422043
42.09564835,-75.91422278
42.09564798,-75.91422323
42.09564879,-75.91422313
42.09564972,-75.91422448
42.09564974,-75.9142243
42.09565006,-75.91422529
42.09564987,-75.91422544
42.09565147,-75.91422699
42.09564991,-75.91422527
42.09564756,-75.91422472
42.09564469,-75.91422383
42.09564288,-75.91422244
42.0956399,-75.91422034
42.09563766,-75.91421958
42.0956371,-75.91421967
42.09563664,-75.9142185
42.09563519,-75.91421778
42.09563596,-75.91421797
42.09563523,-75.91421679
42.09563468,-75.91421584
42.09563628,-75.91421589
42.09563685,-75.91421417
42.09563578,-75.91421338
42.09563526,-75.91421299
42.09563265,-75.9142123
42.0956345,-75.91421275
42.09563555,-75.91421107
42.09563684,-75.91421114
42.09563766,-75.91420982
42.09563759,-75.91420865
42.09563858,-75.91420692
42.09563864,-75.91420502
42.09563888,-75.91420328
42.09564052,-75.91419949
42.09564147,-75.91419527
42.09564205,-75.91419071
42.09564242,-75.91419146
42.09564112,-75.9141924
42.0956399,-75.91419252
42.09563847,-75.91419322
42.09563788,-75.91419235
42.0956342,-75.91419326
42.0956181,-75.91419482
42.09559223,-75.91420072
42.09554993,-75.91420155
42.09549564,-75.91421663
42.09543861,-75.91422823
42.09536667,-75.9142486
42.09528712,-75.9142865
42.0951311,-75.9143266
42.09505208,-75.91434966
42.09497155,-75.9143683
42.0948842,-75.91439624
42.09480028,-75.91441966
42.09471967,-75.91444345
42.09464241,-75.91446466
42.09456864,-75.91448438
42.09449534,-75.91449856
42.09441536,-75.91452267
42.09433848,-75.91455139
42.09426017,-75.91458291
42.09417243,-75.91461186
42.09408849,-75.91464593
42.0940086,-75.9146719
42.09394238,-75.91469726
42.09388938,-75.91472
42.09384613,-75.91473776
42.09381814,-75.91475294
42.09379946,-75.91475778
42.09378521,-75.914764
42.09377029,-75.91476972
42.09375246,-75.91477653
42.093733,-75.91478147
42.09370542,-75.91479178
42.09362629,-75.9148279
42.09358361,-75.91486945
42.09354544,-75.91492956
42.0935165,-75.91501263
42.09349366,-75.91510824
42.09347562,-75.91522497
42.09345844,-75.91534581
42.09344317,-75.91547458
42.09342849,-75.91560815
42.09341293,-75.91573956
42.09339516,-75.91588454
42.09337892,-75.91603495
42.0933596,-75.91619547
42.09334225,-75.91635542
42.09332426,-75.916519
42.09330249,-75.91669924
42.09328481,-75.91687254
42.09326428,-75.91704814
42.09324223,-75.91722549
42.09322036,-75.91739916
42.09319975,-75.91758271
42.09317982,-75.91775337
42.09315917,-75.91792509
42.09313928,-75.91809651
42.09310479,-75.91840043
42.09309032,-75.9185281
42.09307851,-75.91864335
42.09306814,-75.91874649
42.09306138,-75.91883699
42.09305621,-75.91891246
42.09305103,-75.91897781
42.09304264,-75.91903214
42.09303931,-75.91906987
42.09303912,-75.91908577
42.09303836,-75.91909305
42.09303785,-75.91909286
42.0930371,-75.91909062
42.09303667,-75.91909045
42.09303635,-75.91909226
42.09303335,-75.91910479
42.09302954,-75.91913801
42.09302858,-75.91918427
42.09303351,-75.91923573
42.0930541,-75.91928312
42.09307804,-75.91931636
42.09311087,-75.91933888
42.09314712,-75.9193469
42.09318338,-75.91934903
42.09321683,-75.91934766
42.09329981,-75.91932729
42.09335608,-75.91930899
42.09342501,-75.9192859
42.09351081,-75.91925432
42.09358786,-75.91922849
42.09368064,-75.91920306
42.09377695,-75.91917556
42.09387247,-75.9191476
42.09396631,-75.9191184
42.09406249,-75.91908993
42.09415583,-75.91905845
42.09424828,-75.91902803
42.09434164,-75.91899661
42.09442876,-75.91896427
42.09451434,-75.91893669
42.0945974,-75.91890901
42.09467455,-75.91888249
42.09474352,-75.91886092
42.09479844,-75.91884325
42.09484415,-75.91883487
42.09488456,-75.91884269
42.0949225,-75.91886425
42.0949556,-75.91890182
42.09498259,-75.91895725
42.09500941,-75.91902553
42.09505646,-75.91915297
42.09506829,-75.91921507
42.0950784,-75.91926929
42.09508459,-75.91930903
42.09508681,-75.91933069
42.0950864,-75.91933542
42.09508603,-75.91933938
42.09508579,-75.91933885
42.09508554,-75.91933973
42.09508554,-75.91934003
42.09508517,-75.91933969
42.09508472,-75.91934
42.09508557,-75.91933983
42.09508772,-75.91934714
42.09509183,-75.91936765
42.09509739,-75.91941069
42.09510716,-75.91947407
42.0951174,-75.91955636
42.09512894,-75.919658
42.09514026,-75.91976609
42.09516327,-75.91988233
42.09518774,-75.92001035
42.09521723,-75.92013603
42.09524276,-75.92026633
42.0952647,-75.92038738
42.09530779,-75.92061285
42.09532014,-75.92070355
42.09533346,-75.92077719
42.09534366,-75.92083085
42.09535181,-75.9208639
42.09535419,-75.92087927
42.09535696,-75.92089479
42.09536269,-75.92092406
42.09537364,-75.92097347
42.09538509,-75.92104695
42.09540231,-75.92113946
42.09541674,-75.92124534
42.09543095,-75.92136633
42.09544306,-75.92149964
42.09545229,-75.9216282
42.0954587,-75.92175816
42.09546573,-75.92188684
42.09547092,-75.92200701
42.09547919,-75.92212414
42.09548915,-75.92223079
42.09550198,-75.92232397
42.09551227,-75.92240819
42.09552322,-75.92247627
42.09553136,-75.9225313
42.0955372,-75.92257621
42.09554122,-75.92261138
42.09554173,-75.92261268
42.09554089,-75.92261266
42.09554082,-75.92261326
42.09553931,-75.92261274
42.0955387,-75.92261238
42.09553916,-75.92261198
42.09553973,-75.92261186
42.09553918,-75.92261041
42.09553967,-75.92261067
42.09553915,-75.9226094
42.09553907,-75.92260948
42.0955392,-75.9226099
42.09553779,-75.92260901
42.09553678,-75.92261006
42.0955367,-75.92260978
42.09553653,-75.92261369
42.09553741,-75.9226325
42.09553828,-75.9226668
42.0955358,-75.9227207
42.09553506,-75.92279124
42.09553598,-75.92287984
42.09554459,-75.92299556
42.09555202,-75.92311822
42.09556568,-75.92325124
42.09558983,-75.92352549
42.09560341,-75.92366868
42.09561573,-75.92381029
42.09562716,-75.92395073
42.09563908,-75.92409242
42.09565183,-75.92422772
42.09566426,-75.92435319
42.09567448,-75.92448141
42.09568719,-75.92460965
42.09569448,-75.92474309
42.09570613,-75.92487759
42.09571178,-75.92500998
42.09572094,-75.92514502
42.0957293,-75.92527272
42.09573828,-75.92539489
42.09574851,-75.92552099
42.09575603,-75.92564553
42.09576517,-75.92577155
42.0957704,-75.92589533
42.09576989,-75.92601613
42.09576643,-75.9261343
42.09576344,-75.92623651
42.09575553,-75.92632868
42.09575247,-75.92640538
42.09575148,-75.92647193
42.0957486,-75.92654371
42.09574982,-75.9265502
42.0957497,-75.92655076
42.09574944,-75.92654918
42.09574913,-75.92654787
42.09574905,-75.92654716
42.09574994,-75.92654752
42.09575047,-75.92654752
42.09574987,-75.92654575
42.09574991,-75.92654533
42.09574968,-75.92654579
42.09574964,-75.92654356
42.09574983,-75.92654237
42.09574968,-75.92654202
42.0957505,-75.92654109
42.09575059,-75.92653911
42.09575079,-75.92653761
42.09575085,-75.92653644
42.09575039,-75.92653497
42.09574991,-75.92653341
42.09575032,-75.92653332
42.0957503,-75.92653357
42.09574899,-75.92653244
42.09574804,-75.92653207
42.09574837,-75.92653089
42.09574752,-75.92652961
42.09574711,-75.92653338
42.09574634,-75.92655497
42.09574586,-75.926595
42.09573969,-75.92666081
42.0957328,-75.92674703
42.09572352,-75.92684845
42.09571361,-75.9269596
42.09570732,-75.92708623
42.09570075,-75.92720887
42.09569496,-75.92733947
42.09568993,-75.92747042
42.09568279,-75.92760084
42.0956763,-75.9277347
42.09567019,-75.9278621
42.09566174,-75.92799426
42.09565575,-75.9281306
42.09565048,-75.92826337
42.09564332,-75.9283965
42.09563883,-75.92853322
42.09563593,-75.92867444
42.09563201,-75.92881904
42.09562574,-75.92896069
42.09561641,-75.92910216
42.09560954,-75.92924858
42.09560239,-75.92938405
42.09558151,-75.9296512
42.09557087,-75.92978214
42.09556226,-75.92991743
42.09555526,-75.93004091
42.09555144,-75.93014998
42.09555401,-75.93024759
42.09555778,-75.93032081
42.0955612,-75.93038945
42.09556113,-75.93043594
42.09556194,-75.93046116
42.09556234,-75.93046564
42.09556022,-75.9304682
42.09555917,-75.93046873
42.09555929,-75.93046983
42.09555836,-75.930471
42.09555832,-75.93047149
42.09555891,-75.9304711
42.09555935,-75.93047299
42.09555977,-75.93048082
42.095559,-75.93049509
42.09555714,-75.93051616
42.09555554,-75.93054553
42.09555442,-75.93057729
42.0955519,-75.93060382
42.09555035,-75.9306388
42.09555061,-75.93065077
42.09554932,-75.93065759
42.09555046,-75.93065579
42.09555066,-75.9306546
42.09555116,-75.93065512
42.09555094,-75.9306541
42.09555125,-75.93065403
42.09555139,-75.93065423
42.09555184,-75.93065309
42.0955514,-75.93065226
42.09555029,-75.93066199
42.09554896,-75.93069248
42.09554773,-75.93074489
42.09554445,-75.93081505
42.09553794,-75.93091263
42.09553208,-75.93102064
42.0955232,-75.93114675
42.09551205,-75.9312722
42.09550811,-75.93140069
42.09550317,-75.9315372
42.09549712,-75.93167037
42.09548997,-75.93180322
42.0954874,-75.9319406
42.09548439,-75.93207641
42.09547185,-75.93234865
42.09546223,-75.9324826
42.09545035,-75.93262174
42.09544293,-75.93275139
42.09544209,-75.93288917
42.09543822,-75.93301966
42.09543402,-75.93315536
42.09543053,-75.93328903
42.09542585,-75.93341246
42.09541675,-75.9335433
42.09541028,-75.9336676
42.0954016,-75.93379333
42.09539849,-75.93392069
42.095396,-75.93403467
42.09538969,-75.93414246
42.09538882,-75.9342395
42.09538168,-75.93431459
42.09537683,-75.93438342
42.09537796,-75.93443127
42.09537926,-75.93445962
42.09537819,-75.93447633
42.09538059,-75.93448934
42.09537405,-75.93451026
42.09536613,-75.93453935
42.09534543,-75.93457
42.09526554,-75.93459292
42.09521641,-75.93459491
42.09514484,-75.93459294
42.09506457,-75.93458706
42.0949691,-75.93457765
42.09486641,-75.93457355
42.09476921,-75.93456873
42.09466708,-75.93455821
42.09455799,-75.93455013
42.0944377,-75.93453513
42.09433619,-75.93453403
42.0942375,-75.93452042
42.09414509,-75.93451355
42.09404179,-75.93449929
42.09394117,-75.93449275
42.09383629,-75.93447938
42.09373415,-75.93446007
42.09363582,-75.93445155
42.09352858,-75.93443496
42.09342816,-75.93442016
42.09333977,-75.93441318
42.09324122,-75.9343997
42.09315234,-75.93439343
42.09306266,-75.934387
42.09297311,-75.93437492
42.0928184,-75.9343569
42.09275688,-75.93435451
42.09270511,-75.93435085
42.09266442,-75.93434604
42.09263409,-75.93434135
42.09261207,-75.93434017
42.09259995,-75.93433931
42.09259681,-75.93434103
42.0925957,-75.93434143
42.09259672,-75.93434253
42.0925959,-75.93434355
42.0925923,-75.93434408
42.0925873,-75.93434394
42.0925871,-75.93434431
42.09258592,-75.93434409
42.09258609,-75.93434296
42.09258479,-75.93434267
42.09258457,-75.93434221
42.09258282,-75.93434218
42.09258011,-75.9343424
42.09257813,-75.93434293
42.09257641,-75.93434329
42.09257453,-75.93434325
42.09257352,-75.93434478
42.09257227,-75.93434473
42.09257171,-75.93434564
42.09257057,-75.934346
42.09257089,-75.93434746
42.09256935,-75.93434768
42.09256794,-75.93434815
42.09256592,-75.93434821
42.09256391,-75.93434923
42.09256356,-75.93435011
42.09256205,-75.93435104
42.09256167,-75.93435182
42.09255847,-75.93435179
42.09255501,-75.93435114
42.09254073,-75.93435225
42.09251832,-75.93435614
42.09249235,-75.93436876
42.0924699,-75.93438961
42.09245046,-75.93442196
42.09244239,-75.93446905
42.09244664,-75.93453036
42.0924554,-75.93460124
42.09247712,-75.93469148
42.09249964,-75.93479248
42.09252381,-75.93490398
42.09255455,-75.93502647
42.0925797,-75.9351531
42.09260491,-75.9352913
42.09262903,-75.93542622
42.09265439,-75.93556678
42.09272267,-75.9358591
42.09275654,-75.93599953
42.09278991,-75.93614042
42.09283127,-75.9362727
42.09287489,-75.9364138
42.0929177,-75.93654518
42.09295607,-75.93667723
42.09300106,-75.93681513
42.09304581,-75.93695134
42.09309356,-75.93709309
42.09313541,-75.93723301
42.09317922,-75.93737904
42.09322829,-75.93753392
42.09327449,-75.93769125
42.09332192,-75.93784055
42.09337275,-75.93799617
42.09342475,-75.93814772
42.09348702,-75.93830338
42.09354298,-75.93846259
42.09359615,-75.93861686
42.09365345,-75.93878017
42.09370767,-75.93894045
42.09375927,-75.93909403
42.0938149,-75.93924877
42.09386566,-75.9393985
42.09392174,-75.93955611
42.09403758,-75.93985662
42.09409783,-75.94001104
42.09415751,-75.9401619
42.09421751,-75.94031001
42.09427929,-75.94046482
42.09434452,-75.94062173
42.09440668,-75.94077013
42.09447222,-75.94092119
42.09453504,-75.94106935
42.09459924,-75.94122508
42.09466476,-75.94138337
42.09472479,-75.94153707
42.09478564,-75.94169712
42.09484063,-75.94185138
42.09489261,-75.9420033
42.09494633,-75.94216429
42.09500214,-75.94232608
42.09505948,-75.94249174
42.09511535,-75.94265493
42.09517237,-75.94282563
42.0952261,-75.94299438
42.09528044,-75.94315309
42.09533426,-75.94331654
42.09538912,-75.94348053
42.09549614,-75.94381441
42.09554144,-75.94397524
42.09559477,-75.94413575
42.09564673,-75.9443023
42.0956978,-75.94447003
42.09575005,-75.94463167
42.0958054,-75.9447971
42.09586628,-75.94496266
42.09593731,-75.94513644
42.09601066,-75.94529757
42.09608884,-75.9454518
42.09616968,-75.9456114
42.09624801,-75.94576281
42.09632946,-75.94591859
42.09640854,-75.94606532
42.09648684,-75.94621139
42.09656441,-75.9463511
42.09663565,-75.94648576
42.09671153,-75.94662752
42.09678738,-75.94676462
42.0968587,-75.94689748
42.09693311,-75.94703083
42.09700441,-75.94716674
42.09708018,-75.94730579
42.0971602,-75.94745403
42.09723417,-75.94759122
42.09738963,-75.94787887
42.09745869,-75.94801115
42.09753281,-75.94814817
42.09760844,-75.94828549
42.09767992,-75.94841978
42.09776,-75.9485631
42.0978335,-75.94869541
42.09790587,-75.94882314
42.0979787,-75.94895291
42.09804661,-75.949074
42.09810847,-75.94920364
42.0981713,-75.94932824
42.09822428,-75.94945382
42.09827475,-75.94958063
42.09831131,-75.9496888
42.09834284,-75.94978245
42.09837035,-75.94986403
42.09839583,-75.94993389
42.09841,-75.94998923
42.09842726,-75.95004225
42.09844398,-75.95009101
42.09846185,-75.95014016
42.09847911,-75.95019725
42.09850201,-75.9502668
42.09856339,-75.95044904
42.09859903,-75.9505587
42.09863668,-75.95067606
42.09867965,-75.95080512
42.09872644,-75.95094754
42.0987723,-75.95108413
42.09881668,-75.95122762
42.0988628,-75.95137989
42.09890377,-75.95152629
42.09894587,-75.95168252
42.0989794,-75.95183806
42.09900764,-75.95199279
42.09904128,-75.9521616
42.09906834,-75.95232022
42.09909456,-75.95248099
42.09912021,-75.95264914
42.0991406,-75.95281522
42.09916236,-75.9529809
42.09918786,-75.95315692
42.09920953,-75.95332769
42.0992323,-75.95350613
42.09925435,-75.95367286
42.09927502,-75.95384533
42.0992965,-75.95402604
42.09932002,-75.95420466
42.09936567,-75.95454854
42.09938611,-75.95471554
42.09940908,-75.95488823
42.09943312,-75.95505451
42.09945404,-75.9552201
42.09947767,-75.95539413
42.09950054,-75.95556017
42.0995258,-75.95572471
42.0995488,-75.95588903
42.09957455,-75.95605564
42.09960143,-75.95622412
42.09963011,-75.95639188
42.09965693,-75.95655429
42.09968298,-75.95671816
42.09971119,-75.95687657
42.09973896,-75.95702837
42.09976103,-75.9571781
42.09978596,-75.95732933
42.09981007,-75.95748135
42.09983571,-75.95762957
42.09986672,-75.95777263
42.09990982,-75.95792206
42.09996152,-75.95805889
42.10002456,-75.95818703
42.10009892,-75.95831392
42.1002587,-75.95855621
42.10034263,-75.95867724
42.10042632,-75.95879952
42.10051827,-75.9589315
42.10060021,-75.95905516
42.10068497,-75.95917997
42.10076937,-75.95930041
42.10085158,-75.95941878
42.10093342,-75.95953997
42.10101352,-75.95965536
42.10109247,-75.95977045
42.10117334,-75.95988827
42.10125224,-75.96000573
42.10133106,-75.96011897
42.10141268,-75.96023437
42.1014936,-75.96034942
42.10157664,-75.96046851
42.10166446,-75.96059189
42.10174843,-75.96071292
42.10183191,-75.96083328
42.10191743,-75.96095604
42.1020059,-75.96108241
42.10209248,-75.96120584
42.10217949,-75.96132873
42.10227945,-75.96146708
42.10246459,-75.9617266
42.10255863,-75.9618529
42.10265149,-75.96197019
42.10274704,-75.96209153
42.10284446,-75.96220804
42.10294244,-75.96232317
42.10304235,-75.96243845
42.10313712,-75.96255023
42.10323854,-75.96266338
42.10333909,-75.96277601
42.10343884,-75.96288735
42.10353559,-75.96299893
42.10362885,-75.96311191
42.10372121,-75.96322457
42.10382274,-75.96334527
42.10392244,-75.96346218
42.10402511,-75.96357864
42.10413069,-75.96369855
42.10423473,-75.96381848
42.10434263,-75.96394403
42.10444773,-75.96406575
42.10455359,-75.96418792
42.10466248,-75.96431458
42.10477021,-75.96443864
42.10499424,-75.96468739
42.10510127,-75.96480586
42.10520637,-75.96492301
42.10531248,-75.96503825
42.10541945,-75.96515642
42.10552344,-75.96527031
42.10562078,-75.96537727
42.1057113,-75.96547219
42.10580237,-75.96557307
42.10589176,-75.96566476
42.10597972,-75.96574513
42.10606623,-75.96580264
42.10615154,-75.96585473
42.10624142,-75.9658975
42.10632218,-75.96591102
42.10639875,-75.96590212
42.10646993,-75.96587692
42.10653951,-75.96584449
42.10660927,-75.96580773
42.10667239,-75.9657786
42.10673425,-75.96576212
42.10679556,-75.96576776
42.10684274,-75.96578928
42.10689017,-75.96583412
42.10692792,-75.9658951
42.10694485,-75.96596854
42.10695029,-75.96605897
42.10689525,-75.9662632
42.10685945,-75.9663776
42.10683175,-75.96650688
42.10680864,-75.96664818
42.10679313,-75.96680862
42.10677302,-75.96696829
42.10674687,-75.96713188
42.10671183,-75.96729601
42.10666331,-75.96745704
42.10659103,-75.96762728
42.10650757,-75.96776447
42.10641222,-75.96788583
42.1062972,-75.96799108
42.10617455,-75.96806969
42.10604638,-75.96812734
42.10590724,-75.96818688
42.10577065,-75.96824012
42.10562349,-75.96829844
42.10546597,-75.96836149
42.10531686,-75.96843106
42.1051604,-75.96850879
42.1050102,-75.96858623
42.10485814,-75.96866497
42.10469961,-75.96874305
42.10454506,-75.96881885
42.10422867,-75.96897216
42.10406767,-75.96904851
42.10389802,-75.96913747
42.10373809,-75.96922035
42.1035761,-75.969306
42.10341476,-75.96939313
42.10325267,-75.96947624
42.10308149,-75.96956465
42.10292165,-75.96965143
42.10276008,-75.96973785
42.1025868,-75.96982899
42.10242321,-75.96991595
42.10225652,-75.97000369
42.10208959,-75.97009045
42.10192358,-75.97018048
42.10175075,-75.97027323
42.10157583,-75.97036687
42.10140653,-75.97045746
42.10123238,-75.97055215
42.10106077,-75.97063751
42.10088918,-75.97072104
42.10070958,-75.97080319
42.10053456,-75.97087472
42.10035461,-75.9709433
42.10017675,-75.97100187
42.10000314,-75.97105223
42.0996545,-75.97114076
42.09948237,-75.97117856
42.09931076,-75.97121504
42.09913698,-75.9712467
42.09896104,-75.97127691
42.09879113,-75.97130208
42.09862033,-75.97132233
42.09844338,-75.97133961
42.09826809,-75.9713538
42.09809853,-75.97136358
42.0979326,-75.97137517
42.09776619,-75.97138566
42.09759797,-75.97139847
42.09743525,-75.97140823
42.09726976,-75.97141824
42.09710569,-75.97143
42.09694206,-75.9714434
42.09678304,-75.97145663
42.09662143,-75.97146816
42.09646721,-75.97148065
42.09630388,-75.97149385
42.09614627,-75.97150511
42.09599791,-75.97151627
42.09584741,-75.97152582
42.0955721,-75.97154152
42.09544155,-75.97154927
42.09532987,-75.9715586
42.09522517,-75.97156869
42.09512873,-75.97157902
42.09503924,-75.97159434
42.09495617,-75.97161772
42.09487905,-75.97165709
42.09480854,-75.97171535
42.09474873,-75.97179242
42.09469599,-75.97188927
42.09465433,-75.97200495
42.09462417,-75.972129
42.09461454,-75.97226155
42.09462834,-75.97239829
42.09466624,-75.97252535
42.09471942,-75.9726386
42.09478529,-75.9727339
42.09486687,-75.9728061
42.09496293,-75.9728535
42.09506308,-75.97286777
42.09516275,-75.97285415
42.09526395,-75.9728106
42.09534873,-75.97273859
42.09542365,-75.97264019
42.09548245,-75.97252594
42.09551631,-75.97239309
42.09553383,-75.97209223
42.0955263,-75.97192634
42.09551992,-75.97175148
42.09551111,-75.97157814
42.09550438,-75.97139965
42.09549621,-75.97121992
42.09548762,-75.97103116
42.09547804,-75.97084117
42.09547022,-75.97065472
42.09546227,-75.97046974
42.0954581,-75.9702757
42.09544898,-75.97009037
42.09544352,-75.96990279
42.09544007,-75.96971916
42.09543532,-75.96954331
42.09542945,-75.96935679
42.09542165,-75.96918569
42.09541646,-75.96901649
42.09541119,-75.96884796
42.09540591,-75.96868796
42.09540094,-75.96852757
42.09540007,-75.96838127
42.09539648,-75.96824047
42.0953913,-75.9681007
42.09538691,-75.96797063
42.09537609,-75.96772821
42.09536372,-75.96762455
42.095342,-75.96753609
42.09530599,-75.96746268
42.09525739,-75.96740651
42.09520006,-75.96736917
42.09513411,-75.96735557
42.09505878,-75.96735299
42.09497405,-75.96735803
42.09489122,-75.96736904
42.09478845,-75.96738195
42.09468687,-75.96739133
42.09458495,-75.9674048
42.09446859,-75.96742063
42.09435744,-75.96743691
42.09425081,-75.96746087
42.09414076,-75.9674869
42.09403054,-75.96751308
42.09392378,-75.96754517
42.09381683,-75.96757654
42.09370648,-75.96760772
42.09359452,-75.96764343
42.09348737,-75.967682
42.09338162,-75.96772216
42.0932672,-75.96776689
42.09305446,-75.96786171
42.09294947,-75.96791842
42.09285079,-75.9679756
42.09275386,-75.9680404
42.09266093,-75.96809701
42.0925776,-75.96815739
42.09249073,-75.96822511
42.09241317,-75.96829518
42.09233667,-75.96837178
42.0922581,-75.96845799
42.09217529,-75.96855545
42.0921036,-75.96866736
42.09203663,-75.96878846
42.09197046,-75.9689078
42.09190389,-75.96903618
42.09184338,-75.96916935
42.09179595,-75.96930737
42.09174965,-75.96944661
42.09170748,-75.96959038
42.09167151,-75.96973165
42.09163916,-75.96987741
42.09161373,-75.97001578
42.09158552,-75.97015564
42.09156032,-75.97029352
42.0915319,-75.97042901
42.09149879,-75.97056994
42.09143061,-75.97084213
42.09139162,-75.97097097
42.09134623,-75.97109156
42.09130284,-75.97121428
42.0912633,-75.97132289
42.0912261,-75.97141767
42.09118967,-75.97150884
42.0911575,-75.97159954
42.09112132,-75.97169806
42.09107999,-75.97179937
42.09103492,-75.97190842
42.09098246,-75.97202361
42.09092867,-75.97212649
42.09087403,-75.9722272
42.09081563,-75.9723232
42.09075165,-75.97241312
42.09068461,-75.97250064
42.09061361,-75.97257988
42.09054161,-75.97265123
42.09047072,-75.97272015
42.09040217,-75.97277939
42.09032906,-75.97283851
42.09025261,-75.97289183
42.09017294,-75.97294098
42.09008978,-75.97298843
42.08991689,-75.97306961
42.08982231,-75.97309963
42.08973075,-75.97312199
42.08964181,-75.97313728
42.0895522,-75.9731526
42.08947384,-75.97316192
42.08939786,-75.97316967
42.08932766,-75.97318142
42.0892575,-75.97319208
42.08919044,-75.97320478
42.0891291,-75.97321578
42.08907302,-75.97322132
42.08902159,-75.97322313
42.08897361,-75.97322084
42.08891851,-75.97321049
42.08886843,-75.97320038
42.08882387,-75.97318658
42.08878464,-75.97317645
42.08875916,-75.97316717
42.08874424,-75.97316478
42.08873836,-75.97316347
42.08873766,-75.9731623
42.08873859,-75.97316121
42.08874005,-75.97316251
42.08874112,-75.97316168
42.08874177,-75.97316043
42.08874283,-75.97316144
42.08874348,-75.97316148
42.08874113,-75.97316146
42.08873296,-75.97315964
42.08872083,-75.9731559
42.08870997,-75.97315291
42.08869985,-75.97314733
42.08869126,-75.97314271
42.0886766,-75.97313333
42.08865212,-75.97311946
42.08862406,-75.97309782
42.08859881,-75.9730826
42.08856514,-75.97306055
42.08852404,-75.97303628
42.08847881,-75.9729989
42.08842405,-75.97295153
42.08836618,-75.97290356
42.08831094,-75.97285286
42.08825732,-75.97279787
42.08819698,-75.97273469
42.08813994,-75.97267054
42.08808728,-75.97260456
42.08803164,-75.97253548
42.0879808,-75.97246749
42.08788206,-75.97232583
42.08783574,-75.97225611
42.08779317,-75.97218853
42.08776209,-75.97213056
42.08773694,-75.97207895
42.0877112,-75.97202759
42.08768911,-75.9719816
42.08766541,-75.97193859
42.0876471,-75.97190225
42.08763397,-75.97187288
42.08762409,-75.97185096
42.08761973,-75.97183862
42.08761675,-75.97182944
42.08761401,-75.97182342
42.08761228,-75.97181607
42.08760865,-75.97180537
42.08760462,-75.97179476
42.08760481,-75.9717853
42.08759964,-75.97177709
42.08759802,-75.97176922
42.08759119,-75.97175061
42.08757951,-75.97171796
42.0875607,-75.9716714
42.08753985,-75.97160948
42.08751778,-75.97154469
42.08746289,-75.97138439
42.08743292,-75.97129603
42.08740156,-75.9712038
42.08736712,-75.97110813
42.08733512,-75.97101959
42.08730807,-75.97093453
42.08728496,-75.97085038
42.08726257,-75.97077401
42.0872428,-75.97070389
42.08722643,-75.97063962
42.08721007,-75.97057103
42.08719276,-75.97049231
42.08717491,-75.970417
42.08715788,-75.9703367
42.08713881,-75.97025091
42.08711862,-75.97016244
42.0871002,-75.97006431
42.08708068,-75.96996682
42.08706402,-75.9698669
42.08704457,-75.96976411
42.08702714,-75.96966297
42.08701266,-75.96956182
42.08699677,-75.96946127
42.08698268,-75.96935979
42.08696735,-75.96925072
42.08695551,-75.96914861
42.08693812,-75.96894479
42.08692877,-75.9688459
42.08691963,-75.96874686
42.08690955,-75.96864556
42.08690612,-75.96854717
42.08690033,-75.96844261
42.08689465,-75.9683421
42.08688871,-75.96823791
42.08688493,-75.96813198
42.08688182,-75.96802718
42.08687958,-75.96792821
42.08687635,-75.96782616
42.08687317,-75.96772617
42.08687215,-75.96761935
42.08687325,-75.96751641
42.08687657,-75.96741941
42.08687757,-75.96731561
42.08687948,-75.96722263
42.08688495,-75.96713107
42.08689042,-75.96704488
42.08689358,-75.96697409
42.08689726,-75.96691344
42.08690084,-75.9668662
42.08690272,-75.96682843
42.08690345,-75.96678637
